id,time_stamp,daily_steps,avg_daily_mets,avg_daily_intensity,daily_calories_burned
1503960366,2016-04-12,13158,17.5285,0.2979,1985.204592
1503960366,2016-04-13,10735,15.8743,0.2208,1797.860299
1503960366,2016-04-14,10460,15.6868,0.2035,1776.624798
1503960366,2016-04-15,9685,15.4097,0.2528,1745.243449
1503960366,2016-04-16,12669,16.4542,0.2424,1863.533046
1503960366,2016-04-17,9705,15.2583,0.2208,1728.09775
1503960366,2016-04-18,13019,16.9674,0.2715,1921.655395
1503960366,2016-04-19,15506,17.9743,0.3306,2035.697892
1503960366,2016-04-20,10544,15.775,0.2174,1786.613348
1503960366,2016-04-21,9819,15.6785,0.1972,1775.680999
1503960366,2016-04-22,12764,16.1403,0.2653,1827.983247
1503960366,2016-04-23,14371,17.2125,0.2965,1949.418843
1503960366,2016-04-24,10039,15.7958,0.2535,1788.972848
1503960366,2016-04-25,15355,17.775,0.3215,2013.125341
1503960366,2016-04-26,13755,17.4,0.2903,1970.654343
1503960366,2016-04-27,18125,19.0632,0.3465,2159.021087
1503960366,2016-04-28,13091,16.7646,0.2701,1898.689595
1503960366,2016-04-29,11181,16.2257,0.2188,1837.657197
1503960366,2016-04-30,14673,17.1965,0.3063,1947.609893
1503960366,2016-05-01,10602,16.1681,0.2882,1831.129247
1503960366,2016-05-02,14710,17.816,0.2986,2017.765692
1503960366,2016-05-03,15103,17.6924,0.3139,1990.772808
1503960366,2016-05-04,11100,16.1715,0.2465,1819.646206
1503960366,2016-05-05,14047,17.4181,0.3007,1959.907502
1503960366,2016-05-06,12159,16.8556,0.259,1896.614103
1503960366,2016-05-07,11992,16.1882,0.2625,1821.521563
1503960366,2016-05-08,10060,15.4688,0.2438,1740.56853
1503960366,2016-05-09,12022,16.1729,0.2542,1819.80249
1503960366,2016-05-10,12207,16.5264,0.2875,1859.575747
1503960366,2016-05-11,11890,17.5024,0.3119,1723.221444
1624580081,2016-04-12,8163,11.9681,0.1014,1432.145366
1624580081,2016-04-13,7007,11.7986,0.1028,1411.868965
1624580081,2016-04-14,9107,13.1375,0.1639,1572.085773
1624580081,2016-04-15,1490,11.2319,0.0667,1344.059362
1624580081,2016-04-16,5370,12.2319,0.1222,1463.723366
1624580081,2016-04-17,6150,12.9903,0.15,1554.468567
1624580081,2016-04-18,10536,13.4083,0.1854,1604.49477
1624580081,2016-04-19,2916,11.9958,0.0979,1435.469364
1624580081,2016-04-20,4974,12.0847,0.1049,1446.106163
1624580081,2016-04-21,6349,12.2569,0.1292,1466.714966
1624580081,2016-04-22,4002,12.2917,0.1382,1470.869965
1624580081,2016-04-23,8538,13.0611,0.1576,1562.944771
1624580081,2016-04-24,6076,13.5139,0.1868,1617.125968
1624580081,2016-04-25,6487,12.4722,0.1403,1492.475967
1624580081,2016-04-26,2826,11.7181,0.0972,1402.229363
1624580081,2016-04-27,8367,13.9569,0.1924,1670.14377
1624580081,2016-04-28,2759,11.7153,0.0868,1401.896962
1624580081,2016-04-29,2390,11.7361,0.1042,1404.389962
1624580081,2016-04-30,6474,13.8347,0.2104,1655.518169
1624580081,2016-05-01,36019,22.4861,0.5938,2690.777976
1624580081,2016-05-02,7155,12.5111,0.1382,1497.129565
1624580081,2016-05-03,2100,11.15,0.0667,1334.253561
1624580081,2016-05-04,2193,11.4389,0.0819,1368.823162
1624580081,2016-05-05,2470,11.4556,0.0813,1370.817562
1624580081,2016-05-06,1727,11.2083,0.0708,1341.233961
1624580081,2016-05-07,2104,12.3181,0.1264,1474.027765
1624580081,2016-05-08,3427,11.9278,0.1056,1427.325565
1624580081,2016-05-09,1732,11.1028,0.0632,1328.60276
1624580081,2016-05-10,2969,11.6431,0.0965,1393.254565
1624580081,2016-05-11,3134,11.3569,0.0778,1359.017362
1624580081,2016-05-12,2739,12.0083,0.1031,957.9767762
1644430081,2016-04-12,10694,15.8111,0.2528,3199.587057
1644430081,2016-04-13,8001,14.3444,0.1785,2902.787698
1644430081,2016-04-14,11037,15.9444,0.266,3226.568817
1644430081,2016-04-15,5263,13.5917,0.1299,2750.453176
1644430081,2016-04-16,15223,17.2639,0.3118,3493.575822
1644430081,2016-04-17,8757,14.8792,0.2076,3010.995796
1644430081,2016-04-18,7132,13.8694,0.1611,2806.665177
1644430081,2016-04-19,11231,16.0819,0.2674,3254.393754
1644430081,2016-04-20,2436,12.0097,0.0868,2430.325844
1644430081,2016-04-21,1223,10.5778,0.0264,2140.552989
1644430081,2016-04-22,3673,11.5847,0.0597,2344.321488
1644430081,2016-04-23,6637,13.2306,0.1319,2677.377585
1644430081,2016-04-24,3321,11.9278,0.0618,2413.743304
1644430081,2016-04-25,3580,12.3417,0.0833,2497.499183
1644430081,2016-04-26,9919,15.4333,0.2347,3123.138737
1644430081,2016-04-27,3032,12.3028,0.0819,2489.629499
1644430081,2016-04-28,9405,15.3625,0.2375,3108.804672
1644430081,2016-04-29,3176,12.3444,0.0833,2498.061301
1644430081,2016-04-30,18213,19.0069,0.3965,3846.306119
1644430081,2016-05-01,6132,13.3236,0.141,2696.208603
1644430081,2016-05-02,3728,12.5333,0.0986,2536.285463
1644430081,2016-05-03,12789,16.4111,0.3028,3321.004976
1644430081,2016-05-04,2309,10.9847,0.0361,2222.90357
1644430081,2016-05-05,4363,12.1757,0.0854,2463.912515
1644430081,2016-05-06,9758,16.7236,0.2944,3384.243474
1644430081,2016-05-07,13372,16.8215,0.2778,3404.058207
1644430081,2016-05-08,6724,14.7653,0.2049,2987.948879
1644430081,2016-05-09,6643,14.8667,0.2854,3008.466262
1644430081,2016-05-10,9167,13.8361,0.159,2799.919747
1644430081,2016-05-11,989,11.6528,0.0556,1179.046711
1844505072,2016-04-12,6697,15.0722,0.2354,2030.84332
1844505072,2016-04-13,4929,13.8056,0.1722,1860.171632
1844505072,2016-04-14,7905,15.8139,0.259,2130.776088
1844505072,2016-04-15,3844,12.8097,0.1222,1725.992243
1844505072,2016-04-16,3414,12.3028,0.1021,1657.686136
1844505072,2016-04-17,4525,13.3139,0.1535,1793.924067
1844505072,2016-04-18,4597,13.4611,0.1674,1813.760907
1844505072,2016-04-19,197,10.1417,0.0069,1366.49628
1844505072,2016-04-20,8,10.0153,0.0007,1349.466539
1844505072,2016-04-21,8054,15.3097,0.2361,2062.844261
1844505072,2016-04-22,5372,13.5667,0.1528,1827.983546
1844505072,2016-04-23,3570,12.2097,0.0965,1645.147753
1844505072,2016-04-24,0,10,0,1347.407999
1844505072,2016-04-25,0,10,0,1347.407999
1844505072,2016-04-26,0,10,0,1347.407999
1844505072,2016-04-27,4,10.0111,0.0007,1348.905119
1844505072,2016-04-28,6899,14.7875,0.2097,1992.479616
1844505072,2016-04-29,4920,13.7778,0.1715,1856.428831
1844505072,2016-04-30,4014,13.0861,0.1278,1763.233109
1844505072,2016-05-01,2573,11.4417,0.0618,1541.659327
1844505072,2016-05-02,0,10.0056,0,1348.156559
1844505072,2016-05-03,4059,12.9347,0.1278,1742.834844
1844505072,2016-05-04,2080,11.5014,0.0604,1549.706353
1844505072,2016-05-05,2237,11.8,0.0833,1589.941455
1844505072,2016-05-06,44,10.0292,0.0014,1351.337939
1844505072,2016-05-07,0,10.0014,0,1347.595139
1844505072,2016-05-08,0,10.0014,0,1347.595139
1844505072,2016-05-09,0,10,0,1347.407999
1844505072,2016-05-10,0,10,0,1347.407999
1844505072,2016-05-11,0,10,0,1347.407999
1844505072,2016-05-12,0,10,0,617.5619996
1927972279,2016-04-12,678,10.8326,0.0382,2193.219415
1927972279,2016-04-13,356,10.4264,0.0222,2151.055833
1927972279,2016-04-14,2163,11.5507,0.0736,2383.009963
1927972279,2016-04-15,980,10.7694,0.0354,2221.831213
1927972279,2016-04-16,0,10,0,2063.088055
1927972279,2016-04-17,0,10.0014,0,2063.374595
1927972279,2016-04-18,244,10.2333,0.0118,2111.226774
1927972279,2016-04-19,0,10,0,2063.088055
1927972279,2016-04-20,0,10,0,2063.088055
1927972279,2016-04-21,0,10.0049,0,2064.090944
1927972279,2016-04-22,149,10.1472,0.0069,2093.461294
1927972279,2016-04-23,2945,12.1139,0.1007,2499.20193
1927972279,2016-04-24,2090,11.2688,0.0625,2324.842341
1927972279,2016-04-25,152,10.1736,0.0083,2098.905554
1927972279,2016-04-26,3761,12.7889,0.1333,2638.460368
1927972279,2016-04-27,0,10.0014,0,2063.374595
1927972279,2016-04-28,1675,11.3965,0.066,2351.204022
1927972279,2016-04-29,0,10,0,2063.088055
1927972279,2016-04-30,0,10,0,2063.088055
1927972279,2016-05-01,2704,11.6889,0.0792,2411.520696
1927972279,2016-05-02,3790,12.1424,0.1097,2505.076003
1927972279,2016-05-03,1326,10.6438,0.0326,2195.899345
1927972279,2016-05-04,1786,11.3361,0.0604,2338.739533
1927972279,2016-05-05,0,10,0,2063.088055
1927972279,2016-05-06,2091,11.5507,0.075,2383.009961
1927972279,2016-05-07,1510,10.809,0.0333,2229.997603
1927972279,2016-05-08,0,10.0007,0,2063.231325
1927972279,2016-05-09,0,10,0,2063.088055
1927972279,2016-05-10,0,10,0,2063.088055
1927972279,2016-05-11,0,10,0,2063.088055
1927972279,2016-05-12,0,10,0,1375.392036
2022484408,2016-04-12,11875,15.9965,0.2646,2390.341977
2022484408,2016-04-13,12024,17.4125,0.2993,2601.929012
2022484408,2016-04-14,10690,15.4785,0.2493,2312.929562
2022484408,2016-04-15,11034,16.9042,0.2646,2525.969371
2022484408,2016-04-16,10100,14.5722,0.2056,2177.509735
2022484408,2016-04-17,15112,18.6208,0.3285,2782.488814
2022484408,2016-04-18,14131,18.5431,0.3201,2770.866568
2022484408,2016-04-19,11548,16.6528,0.2479,2488.404637
2022484408,2016-04-20,15112,19.3889,0.3792,2897.25842
2022484408,2016-04-21,12453,21.1375,0.4674,3158.551289
2022484408,2016-04-22,12954,17.6604,0.3118,2638.97489
2022484408,2016-04-23,6001,13.8472,0.1729,2069.173841
2022484408,2016-04-24,13481,16.9292,0.2632,2529.705103
2022484408,2016-04-25,11369,16.5313,0.2535,2470.244898
2022484408,2016-04-26,10119,18.6931,0.3389,2793.280883
2022484408,2016-04-27,10159,16.484,0.2632,2463.188529
2022484408,2016-04-28,10140,15.3653,0.2424,2296.01505
2022484408,2016-04-29,10245,17.4764,0.2944,2611.475851
2022484408,2016-04-30,18387,18.2847,0.3097,2732.264127
2022484408,2016-05-01,10538,15.9306,0.2611,2380.483838
2022484408,2016-05-02,10379,16.5563,0.2785,2473.980609
2022484408,2016-05-03,12183,18.4188,0.3431,2752.291735
2022484408,2016-05-04,11768,17.7319,0.3014,2649.663213
2022484408,2016-05-05,11895,17.4618,0.3181,2609.296691
2022484408,2016-05-06,10227,16.7215,0.2785,2498.677861
2022484408,2016-05-07,6708,13.3556,0.1479,1995.704697
2022484408,2016-05-08,3292,12.3618,0.0938,1847.209837
2022484408,2016-05-09,13379,18.1313,0.3444,2709.330958
2022484408,2016-05-10,12798,18.7201,0.3458,2797.327929
2022484408,2016-05-11,13272,17.0292,0.3111,2544.647984
2022484408,2016-05-12,7674,17.3778,0.2978,1622.962818
2026352035,2016-04-12,4414,13.0764,0.1431,1459.513287
2026352035,2016-04-13,4993,13.6361,0.1653,1521.986346
2026352035,2016-04-14,3305,12.8201,0.1368,1430.912097
2026352035,2016-04-15,3821,12.9458,0.1306,1444.941408
2026352035,2016-04-16,2547,12.3083,0.1042,1373.787227
2026352035,2016-04-17,838,10.8854,0.0417,1214.969239
2026352035,2016-04-18,3325,12.7139,0.1264,1419.053067
2026352035,2016-04-19,2424,12.15,0.0979,1356.114947
2026352035,2016-04-20,7222,14.9368,0.2271,1667.162577
2026352035,2016-04-21,2467,12.2799,0.1063,1370.609317
2026352035,2016-04-22,2915,12.5368,0.1125,1399.288018
2026352035,2016-04-23,12357,17.1653,0.3,1915.892167
2026352035,2016-04-24,3490,12.5556,0.1139,1401.380787
2026352035,2016-04-25,6017,14.1285,0.1806,1576.940938
2026352035,2016-04-26,5933,14.2931,0.2,1595.310806
2026352035,2016-04-27,6088,14.2764,0.1986,1593.450566
2026352035,2016-04-28,6375,14.7813,0.2299,1649.800335
2026352035,2016-04-29,7604,15.1674,0.2444,1692.895895
2026352035,2016-04-30,4729,13.4965,0.1618,1506.406836
2026352035,2016-05-01,3609,12.9701,0.1326,1447.654257
2026352035,2016-05-02,7018,15.1444,0.2465,1690.338065
2026352035,2016-05-03,5992,14.3736,0.2111,1604.301965
2026352035,2016-05-04,6564,14.8583,0.2396,1658.403945
2026352035,2016-05-05,12167,17.2604,0.3299,1926.511033
2026352035,2016-05-06,8198,15.5618,0.266,1736.921574
2026352035,2016-05-07,4193,13.3618,0.159,1491.369896
2026352035,2016-05-08,5528,13.9333,0.1792,1555.160626
2026352035,2016-05-09,10652,16.7208,0.2785,1866.285764
2026352035,2016-05-10,254,10.2264,0.0118,1141.412249
2026352035,2016-05-11,8580,15.2188,0.2292,1698.631635
2026352035,2016-05-12,8449,17.4198,0.3333,1296.199718
2320127002,2016-04-12,10725,16.0347,0.2521,2124.280006
2320127002,2016-04-13,7275,15.1264,0.2326,2003.943998
2320127002,2016-04-14,3973,12.8028,0.1326,1696.112011
2320127002,2016-04-15,5205,13.6014,0.1701,1801.912009
2320127002,2016-04-16,5044,13.0153,0.1354,1724.264014
2320127002,2016-04-17,6198,13.9861,0.1729,1852.880006
2320127002,2016-04-18,6538,14.3806,0.1903,1905.136
2320127002,2016-04-19,5997,13.675,0.1736,1811.664011
2320127002,2016-04-20,7162,14.5125,0.2118,1922.616006
2320127002,2016-04-21,3404,12.1597,0.1042,1610.920015
2320127002,2016-04-22,5583,13.9792,0.1847,1851.960005
2320127002,2016-04-23,5079,13.6194,0.1681,1804.304006
2320127002,2016-04-24,4159,13.0222,0.1417,1725.184008
2320127002,2016-04-25,3588,12.4875,0.1188,1654.344011
2320127002,2016-04-26,3409,12.325,0.1021,1632.816013
2320127002,2016-04-27,1715,11.1819,0.0569,1481.384019
2320127002,2016-04-28,1532,11.1208,0.0528,1473.288019
2320127002,2016-04-29,924,10.6486,0.0313,1410.728021
2320127002,2016-04-30,4558,13.4292,0.1625,1779.096006
2320127002,2016-05-01,772,10.5958,0.0278,1403.736021
2320127002,2016-05-02,3634,12.1792,0.1042,1613.496017
2320127002,2016-05-03,7443,14.1819,0.1986,1878.824012
2320127002,2016-05-04,1201,10.7694,0.0361,1426.736021
2320127002,2016-05-05,5202,13.4417,0.1701,1780.752011
2320127002,2016-05-06,4878,13.1542,0.1417,1742.664011
2320127002,2016-05-07,7379,14.8903,0.2215,1972.664004
2320127002,2016-05-08,5153,13.7528,0.1715,1821.968004
2320127002,2016-05-09,3090,12.3056,0.1007,1630.240009
2320127002,2016-05-10,6227,14.3347,0.2014,1899.064003
2320127002,2016-05-11,6424,14.3694,0.2083,1903.664006
2320127002,2016-05-12,2564,12.8533,0.1378,1064.256008
2347167796,2016-04-12,10113,17.3083,0.2986,2344.351418
2347167796,2016-04-13,10352,15.0521,0.2194,2038.75048
2347167796,2016-04-14,10129,14.8444,0.2118,2010.626543
2347167796,2016-04-15,10465,15.7507,0.2326,2133.374841
2347167796,2016-04-16,22244,19.7167,0.4236,2670.551496
2347167796,2016-04-17,5472,13.8993,0.1847,1882.610882
2347167796,2016-04-18,8247,14.3569,0.1882,1944.596419
2347167796,2016-04-19,6711,17.3208,0.275,2346.044503
2347167796,2016-04-20,10999,16.2299,0.2694,2198.276242
2347167796,2016-04-21,10080,15.1264,0.2285,2048.8149
2347167796,2016-04-22,7804,14.3688,0.1993,1946.195439
2347167796,2016-04-23,16901,19.4118,0.3653,2629.259162
2347167796,2016-04-24,9471,16.1438,0.25,2186.612798
2347167796,2016-04-25,9482,15.4688,0.2389,2095.186481
2347167796,2016-04-26,5980,13.741,0.1576,1861.1652
2347167796,2016-04-27,11423,16.2,0.2715,2194.231658
2347167796,2016-04-28,5439,13.6938,0.159,1854.769119
2347167796,2016-04-29,25,10.1806,0.0056,344.7298923
2873212765,2016-04-12,8796,15.6736,0.2806,1982.323109
2873212765,2016-04-13,7618,15.8472,0.2917,2004.280608
2873212765,2016-04-14,7910,14.9694,0.2299,1893.26349
2873212765,2016-04-15,8482,16.3167,0.3111,2063.653688
2873212765,2016-04-16,9677,17.0028,0.3111,2148.571248
2873212765,2016-04-17,2524,12.0972,0.1222,1529.998614
2873212765,2016-04-18,7762,14.9451,0.2264,1890.189436
2873212765,2016-04-19,7948,15.4729,0.2701,1956.940237
2873212765,2016-04-20,9202,16.625,0.3153,2102.773178
2873212765,2016-04-21,8859,15.6451,0.2757,1970.161024
2873212765,2016-04-22,7286,15.4889,0.2701,1950.484771
2873212765,2016-04-23,9317,16.0493,0.2944,2021.056922
2873212765,2016-04-24,6873,15.0667,0.2292,1898.159944
2873212765,2016-04-25,7373,15.1444,0.2493,1907.109573
2873212765,2016-04-26,8242,14.9528,0.2257,1882.973373
2873212765,2016-04-27,3516,15.6097,0.2326,1966.545845
2873212765,2016-04-28,7913,14.5785,0.216,1835.837821
2873212765,2016-04-29,7365,14.1389,0.2167,1780.481969
2873212765,2016-04-30,8452,14.5375,0.2104,1830.678271
2873212765,2016-05-01,7399,13.8153,0.1757,1739.73027
2873212765,2016-05-02,7525,14.9194,0.2417,1878.775775
2873212765,2016-05-03,7412,15.1361,0.2625,1906.060175
2873212765,2016-05-04,8278,16.0014,0.2917,2015.022877
2873212765,2016-05-05,8314,15.6549,0.275,1971.385322
2873212765,2016-05-06,7063,15.1736,0.2639,1910.782474
2873212765,2016-05-07,4940,15.0625,0.2076,1897.635244
2873212765,2016-05-08,8168,16.6431,0.3222,2096.671449
2873212765,2016-05-09,7726,15.1431,0.2396,1906.934674
2873212765,2016-05-10,8275,15.5833,0.259,1962.377975
2873212765,2016-05-11,6440,14.4361,0.2215,1817.910575
2873212765,2016-05-12,7475,16.5177,0.2698,1393.671725
3372868164,2016-04-12,4747,13.2764,0.1944,1788.106539
3372868164,2016-04-13,9715,15.5417,0.3021,2093.201403
3372868164,2016-04-14,8844,15.3347,0.3042,2065.329464
3372868164,2016-04-15,7451,14.1694,0.2326,1908.386123
3372868164,2016-04-16,6905,14.1674,0.2472,1908.105531
3372868164,2016-04-17,8199,14.5854,0.2493,1964.410591
3372868164,2016-04-18,6798,14.9542,0.2896,2014.075022
3372868164,2016-04-19,7711,14.7444,0.2611,1985.828965
3372868164,2016-04-20,4880,13.8694,0.2257,1867.981158
3372868164,2016-04-21,8857,15.7715,0.3111,2124.159835
3372868164,2016-04-22,3843,12.3958,0.1431,1669.510497
3372868164,2016-04-23,7396,14.816,0.2549,1995.462551
3372868164,2016-04-24,6731,14.2667,0.2417,1921.480319
3372868164,2016-04-25,5995,14.9292,0.2889,2010.707946
3372868164,2016-04-26,8283,15.2729,0.2799,2057.005293
3372868164,2016-04-27,7904,15.5618,0.3083,2095.913774
3372868164,2016-04-28,5512,14.6458,0.2674,1972.547702
3372868164,2016-04-29,9135,15.1833,0.2792,2044.939925
3372868164,2016-04-30,5250,14.4556,0.2493,1946.920483
3372868164,2016-05-01,2901,12.9917,0.1667,1166.506158
3977333714,2016-04-12,8856,14.3361,0.209,1450.653908
3977333714,2016-04-13,10035,14.7819,0.2347,1495.767249
3977333714,2016-04-14,7641,14.1646,0.191,1433.29722
3977333714,2016-04-15,9010,14.5132,0.2167,1468.572758
3977333714,2016-04-16,13459,16.0597,0.2861,1625.064051
3977333714,2016-04-17,10415,15.1174,0.2458,1529.707659
3977333714,2016-04-18,11663,15.6576,0.2889,1584.377718
3977333714,2016-04-19,12257,16.1188,0.2861,1631.036997
3977333714,2016-04-20,11658,15.3646,0.2542,1554.723778
3977333714,2016-04-21,6072,13.7993,0.1681,1396.3352
3977333714,2016-04-22,8911,14.6396,0.216,1481.3619
3977333714,2016-04-23,12058,16.1951,0.3028,1638.766698
3977333714,2016-04-24,14112,16.359,0.284,1655.350419
3977333714,2016-04-25,11168,15.4972,0.209,1568.145346
3977333714,2016-04-26,11388,15.3368,0.2646,1551.912978
3977333714,2016-04-27,7193,13.6111,0.1361,1377.292029
3977333714,2016-04-28,7114,13.9118,0.1743,1407.718938
3977333714,2016-04-29,10645,15.2708,0.2236,1545.237327
3977333714,2016-04-30,13238,16.3083,0.2965,1650.220704
3977333714,2016-05-01,10414,14.8389,0.2271,1501.529388
3977333714,2016-05-02,16520,17.4021,0.3708,1760.895963
3977333714,2016-05-03,14335,16.8951,0.334,1709.598854
3977333714,2016-05-04,13373,16.0076,0.2611,1619.793799
3977333714,2016-05-05,12312,15.991,0.275,1618.107321
3977333714,2016-05-06,11677,15.7069,0.2535,1589.36689
3977333714,2016-05-07,11550,15.5632,0.2639,1574.820996
3977333714,2016-05-08,13585,16.1465,0.2986,1633.847795
3977333714,2016-05-09,14513,16.3875,0.291,1658.231487
3977333714,2016-05-10,13072,16.1104,0.2979,1630.193758
4020332650,2016-04-12,8489,18.4174,0.259,3647.698348
4020332650,2016-04-13,0,10,0,1980.575924
4020332650,2016-04-14,38,10.0799,0.0021,1996.393025
4020332650,2016-04-15,1873,14.8889,0.1604,2948.85754
4020332650,2016-04-16,1969,15.4069,0.2028,3051.462378
4020332650,2016-04-17,7,10.0396,0.0014,1988.415704
4020332650,2016-04-18,62,10.0729,0.0014,1995.017624
4020332650,2016-04-19,0,10,0,1980.575924
4020332650,2016-04-20,0,10,0,1980.575924
4020332650,2016-04-21,0,10,0,1980.575924
4020332650,2016-04-22,0,10,0,1980.575924
4020332650,2016-04-23,0,10,0,1980.575924
4020332650,2016-04-24,0,10,0,1980.575924
4020332650,2016-04-25,0,10,0,1980.575924
4020332650,2016-04-26,0,10,0,1980.575924
4020332650,2016-04-27,0,10,0,1980.575924
4020332650,2016-04-28,0,10,0,1980.575924
4020332650,2016-04-29,0,10,0,1980.575924
4020332650,2016-04-30,0,10,0,1980.575924
4020332650,2016-05-01,0,10,0,1980.575924
4020332650,2016-05-02,465,11.1472,0.0368,2207.792017
4020332650,2016-05-03,4465,14.2639,0.1208,2825.071594
4020332650,2016-05-04,10194,19.5514,0.3313,3872.30116
4020332650,2016-05-05,11713,17.3021,0.2736,3426.809074
4020332650,2016-05-06,4357,13.6424,0.1229,2701.973269
4020332650,2016-05-07,5005,14.3549,0.1278,2843.089314
4020332650,2016-05-08,5812,15.5667,0.1826,3083.096632
4020332650,2016-05-09,4556,14.0611,0.1333,2784.909886
4020332650,2016-05-10,5474,14.7201,0.1431,2915.435349
4020332650,2016-05-11,3663,13.3285,0.1083,2639.80517
4020332650,2016-05-12,257,10.4042,0.0153,1030.312103
4057192912,2016-04-12,5394,12.8014,0.1139,2274.018267
4057192912,2016-04-13,5974,12.8931,0.1111,2290.301786
4057192912,2016-04-14,0,10,0,1776.384029
4057192912,2016-04-15,3937,12.75,0.1115,1509.926418
4319703577,2016-04-12,0,10,0,1455.984077
4319703577,2016-04-13,3619,12.0132,0.1042,1748.928943
4319703577,2016-04-14,10210,15.7868,0.25,2298.760923
4319703577,2016-04-15,5664,13.6083,0.1583,1981.351619
4319703577,2016-04-16,4744,12.9215,0.1347,1881.167738
4319703577,2016-04-17,29,10.0417,0.0021,1461.761429
4319703577,2016-04-18,2229,11.2167,0.0549,1632.805704
4319703577,2016-04-19,8925,15.1146,0.216,2200.223861
4319703577,2016-04-20,8915,15.2111,0.2375,2214.27537
4319703577,2016-04-21,517,10.4806,0.0236,1525.650306
4319703577,2016-04-22,4500,12.9625,0.1507,1886.945956
4319703577,2016-04-23,4935,13.3646,0.1618,1945.477064
4319703577,2016-04-24,4081,12.9215,0.1417,1880.981642
4319703577,2016-04-25,9259,15.8979,0.2819,2314.253384
4319703577,2016-04-26,9899,15.3625,0.2458,2236.312994
4319703577,2016-04-27,10780,15.9681,0.2861,2324.463472
4319703577,2016-04-28,10810,16.2639,0.2875,2367.527808
4319703577,2016-04-29,7990,14.9479,0.2382,2175.962262
4319703577,2016-04-30,8221,14.3736,0.2014,2092.36083
4319703577,2016-05-01,1251,10.9493,0.0465,1593.886054
4319703577,2016-05-02,9121,15.5569,0.2542,2264.61819
4319703577,2016-05-03,9648,15.3576,0.2521,2235.605362
4319703577,2016-05-04,10429,15.6819,0.2521,2282.814392
4319703577,2016-05-05,13658,17.3806,0.3313,2530.080529
4319703577,2016-05-06,9426,15.5549,0.2458,2264.314916
4319703577,2016-05-07,7937,14.8451,0.2389,2158.435628
4319703577,2016-05-08,3672,12.3215,0.1063,1791.510634
4319703577,2016-05-09,10362,16.1313,0.2833,2345.432066
4319703577,2016-05-10,9487,15.5486,0.2514,2260.718236
4319703577,2016-05-11,9129,15.3514,0.2472,2232.042755
4388161847,2016-04-12,0,10,0,1878.191929
4388161847,2016-04-13,5938,13.3653,0.1257,2510.255721
4388161847,2016-04-14,8863,15.9625,0.2215,2998.063962
4388161847,2016-04-15,8758,16.3285,0.2076,3066.800581
4388161847,2016-04-16,6580,16.3639,0.2007,3073.452517
4388161847,2016-04-17,4660,13.6972,0.1396,2572.601298
4388161847,2016-04-18,11009,17.4319,0.2333,3274.05384
4388161847,2016-04-19,10181,16.0528,0.2368,3015.019862
4388161847,2016-04-20,10553,16.4153,0.2563,3083.10433
4388161847,2016-04-21,10055,16.3431,0.2201,3069.539598
4388161847,2016-04-22,12139,18.8688,0.3479,3543.913519
4388161847,2016-04-23,13236,17.6069,0.2771,3306.922198
4388161847,2016-04-24,10243,15.3611,0.2063,2885.111565
4388161847,2016-04-25,12961,17.5111,0.275,3288.922866
4388161847,2016-04-26,9461,15.5958,0.2167,2929.196923
4388161847,2016-04-27,11193,16.3701,0.2569,3074.626376
4388161847,2016-04-28,10074,15.8083,0.2146,2969.108497
4388161847,2016-04-29,9232,15.8618,0.2132,2979.151625
4388161847,2016-04-30,12533,17.4806,0.2972,3283.183924
4388161847,2016-05-01,10255,15.5833,0.2132,2926.849165
4388161847,2016-05-02,10096,16.7569,0.216,3147.275882
4388161847,2016-05-03,12727,17.5174,0.275,3290.096725
4388161847,2016-05-04,12375,16.8361,0.2764,3162.144898
4388161847,2016-05-05,9603,15.4382,0.2174,2899.58931
4388161847,2016-05-06,13175,18.2361,0.3132,3425.091796
4388161847,2016-05-07,22770,21.4167,0.5083,4022.461169
4388161847,2016-05-08,17298,20.95,0.3993,3934.812217
4388161847,2016-05-09,10218,16.0444,0.2181,3013.454698
4388161847,2016-05-10,10299,16.2979,0.2319,3061.061652
4388161847,2016-05-11,10201,15.7299,0.2194,2954.369903
4388161847,2016-05-12,3079,13.2367,0.1122,1553.812571
4445114986,2016-04-12,3276,12.7722,0.1361,2113.97649
4445114986,2016-04-13,2961,12.6597,0.1347,2095.356209
4445114986,2016-04-14,3974,13.2576,0.1604,2194.319551
4445114986,2016-04-15,7198,15.0826,0.2431,2496.381867
4445114986,2016-04-16,3945,13.1757,0.1563,2180.75663
4445114986,2016-04-17,2258,11.6722,0.0792,1931.911521
4445114986,2016-04-18,6155,13.584,0.1729,2248.341344
4445114986,2016-04-19,2064,11.8076,0.084,1954.324829
4445114986,2016-04-20,2072,11.9292,0.0951,1974.439328
4445114986,2016-04-21,3789,12.9715,0.1493,2146.964263
4445114986,2016-04-22,6831,14.6938,0.2201,2432.015468
4445114986,2016-04-23,4363,13.0229,0.1396,2149.093816
4445114986,2016-04-24,5002,13.6167,0.1694,2247.076809
4445114986,2016-04-25,3385,12.5493,0.1243,2070.93662
4445114986,2016-04-26,6326,13.8854,0.1868,2291.427015
4445114986,2016-04-27,7243,14.3125,0.2028,2361.906011
4445114986,2016-04-28,4493,13.3549,0.1639,2203.872615
4445114986,2016-04-29,4658,13.2965,0.1569,2194.246219
4445114986,2016-04-30,6222,14.3236,0.2014,2363.739609
4445114986,2016-05-01,5232,13.6139,0.1667,2246.61841
4445114986,2016-05-02,6910,14.1563,0.2007,2336.121017
4445114986,2016-05-03,7502,14.6708,0.2271,2421.039613
4445114986,2016-05-04,2923,12.5479,0.125,2070.707415
4445114986,2016-05-05,3800,12.8521,0.141,2120.902217
4445114986,2016-05-06,4514,13.4,0.159,2211.32161
4445114986,2016-05-07,5167,12.8701,0.1347,2123.881825
4445114986,2016-05-08,7303,14.6854,0.225,2423.446216
4445114986,2016-05-09,5275,13.8257,0.1847,2281.571415
4445114986,2016-05-10,3915,13.2201,0.1604,2181.640215
4445114986,2016-05-11,9105,15.1479,0.2625,2499.769816
4445114986,2016-05-12,484,10.9141,0.0449,975.5898145
4558609924,2016-04-12,5135,14.2889,0.2208,1909.658564
4558609924,2016-04-13,4978,12.8889,0.1375,1722.553592
4558609924,2016-04-14,6799,14.3882,0.1938,1922.930389
4558609924,2016-04-15,7795,15.8771,0.259,2121.915032
4558609924,2016-04-16,7265,14.8965,0.2472,1990.867312
4558609924,2016-04-17,9634,15.816,0.2521,2117.619467
4558609924,2016-04-18,8940,15.8028,0.2799,2116.308014
4558609924,2016-04-19,5401,14.0069,0.1868,1875.810013
4558609924,2016-04-20,4803,13.3569,0.1542,1788.762015
4558609924,2016-04-21,13743,18.5681,0.3417,2486.634011
4558609924,2016-04-22,9601,15.6417,0.266,2094.732012
4558609924,2016-04-23,6890,15.5222,0.2313,2078.736011
4558609924,2016-04-24,8553,16.1431,0.2743,2169.316728
4558609924,2016-04-25,8095,16.5549,0.2875,2225.847457
4558609924,2016-04-26,9148,16.5264,0.2785,2222.019285
4558609924,2016-04-27,9557,15.6076,0.2924,2098.490779
4558609924,2016-04-28,9451,16.2514,0.2722,2185.044769
4558609924,2016-04-29,7833,14.2993,0.2083,1922.581708
4558609924,2016-04-30,10310,15.6861,0.2583,2104.298055
4558609924,2016-05-01,3428,12.6139,0.1319,1691.431701
4558609924,2016-05-02,7891,15.4938,0.266,2066.444798
4558609924,2016-05-03,5267,14.6458,0.2222,1953.355774
4558609924,2016-05-04,5232,13.8167,0.175,1842.767495
4558609924,2016-05-05,10611,16.9569,0.2972,2261.595137
4558609924,2016-05-06,3755,12.9167,0.1403,1722.731974
4558609924,2016-05-07,8237,14.7958,0.2319,1973.361694
4558609924,2016-05-08,6543,20.0083,0.3514,2666.838709
4558609924,2016-05-09,11451,16.6854,0.2896,2223.698827
4558609924,2016-05-10,6435,14.1708,0.2007,1888.575269
4558609924,2016-05-11,9108,15.9882,0.2764,2130.778618
4558609924,2016-05-12,6020,15.7875,0.2417,1402.687784
4702921684,2016-04-12,7213,14.6111,0.1826,2947.283238
4702921684,2016-04-13,6877,14.3611,0.1792,2896.854437
4702921684,2016-04-14,7860,14.7972,0.1882,2984.824678
4702921684,2016-04-15,6506,14.3583,0.191,2896.294116
4702921684,2016-04-16,11134,16.4694,0.2722,3322.13733
4702921684,2016-04-17,12692,16.8278,0.3264,3394.418604
4702921684,2016-04-18,9105,14.9417,0.2201,3013.961316
4702921684,2016-04-19,6708,13.9444,0.1563,2812.806431
4702921684,2016-04-20,8793,15.1764,0.225,3061.308357
4702921684,2016-04-21,6530,13.5319,0.1653,2729.598898
4702921684,2016-04-22,1664,11.1139,0.05,2241.840317
4702921684,2016-04-23,15126,18.3028,0.3938,3691.948532
4702921684,2016-04-24,15050,17.5431,0.3583,3538.701004
4702921684,2016-04-25,9140,15.1722,0.2208,3060.467875
4702921684,2016-04-26,6108,13.8014,0.1632,2783.949946
4702921684,2016-04-27,6976,14.3889,0.1896,2902.457634
4702921684,2016-04-28,9023,15.0403,0.2028,3033.852677
4702921684,2016-04-29,9930,15.6917,0.2368,3165.247724
4702921684,2016-04-30,10144,15.4472,0.241,3115.939548
4702921684,2016-05-01,0,10,0,2017.151985
4702921684,2016-05-02,7245,14.1736,0.2014,2859.032825
4702921684,2016-05-03,9454,15.5847,0.2174,3143.675403
4702921684,2016-05-04,8161,14.8931,0.2035,3004.155717
4702921684,2016-05-05,8614,14.8958,0.191,3004.716038
4702921684,2016-05-06,6910,14.1611,0.1681,2856.511393
4702921684,2016-05-07,14370,18.2625,0.3792,3683.823899
4702921684,2016-05-08,12857,16.2972,0.3257,3287.39747
4702921684,2016-05-09,8232,14.8278,0.1924,2990.988195
4702921684,2016-05-10,10613,15.7292,0.2354,3172.81204
4702921684,2016-05-11,9772,15.2194,0.241,3069.99331
4702921684,2016-05-12,2752,13.2152,0.103,1221.777772
5553957443,2016-04-12,11596,15.3597,0.25,2026.008776
5553957443,2016-04-13,4832,13.0271,0.1569,1718.324388
5553957443,2016-04-14,17022,17.6222,0.3618,2324.441583
5553957443,2016-04-15,16556,17.091,0.3396,2254.367589
5553957443,2016-04-16,5771,13.8819,0.2,1831.083981
5553957443,2016-04-17,655,10.5972,0.0319,1397.816005
5553957443,2016-04-18,3727,12.7611,0.1431,1683.241586
5553957443,2016-04-19,15482,17.3167,0.3556,2284.137585
5553957443,2016-04-20,2713,11.9028,0.1028,1570.023994
5553957443,2016-04-21,12346,15.666,0.2792,2066.404388
5553957443,2016-04-22,11670,15.9549,0.2618,2104.509978
5553957443,2016-04-23,4110,13.466,0.1889,1776.215584
5553957443,2016-04-24,1807,11.4285,0.0722,1507.461192
5553957443,2016-04-25,10946,15.4132,0.2611,2033.061991
5553957443,2016-04-26,11886,15.8743,0.2736,2093.884385
5553957443,2016-04-27,10538,14.5722,0.1986,1922.134383
5553957443,2016-04-28,11393,15.1597,0.2347,1999.62799
5553957443,2016-04-29,12764,16.4493,0.3042,2169.729177
5553957443,2016-04-30,1202,11.0938,0.0583,1463.309998
5553957443,2016-05-01,5164,13.2465,0.1646,1747.26999
5553957443,2016-05-02,9769,15.1951,0.2181,1996.860038
5553957443,2016-05-03,12821,16.0917,0.266,2114.676695
5553957443,2016-05-04,4249,12.9257,0.1556,1698.622355
5553957443,2016-05-05,14331,16.4083,0.2993,2156.291253
5553957443,2016-05-06,9632,14.5799,0.2153,1916.003672
5553957443,2016-05-07,1868,11.3722,0.0667,1494.473733
5553957443,2016-05-08,6083,13.4132,0.1632,1762.686876
5553957443,2016-05-09,11611,17.2944,0.3278,2272.739017
5553957443,2016-05-10,16315,17.7757,0.3667,2335.982193
5553957443,2016-05-11,4926,12.8854,0.1354,1693.329274
5553957443,2016-05-12,3121,13.0617,0.14,715.2046074
5577150313,2016-04-12,8135,18.3549,0.2986,3405.370059
5577150313,2016-04-13,5077,13.7549,0.1465,2551.933936
5577150313,2016-04-14,8596,22.0861,0.4097,4097.627382
5577150313,2016-04-15,12087,21.9861,0.4528,4004.040231
5577150313,2016-04-16,14261,23.4618,0.5708,4272.451132
5577150313,2016-04-17,12231,25.0167,0.5785,4552.35289
5577150313,2016-04-18,9893,19.9174,0.3722,3624.417981
5577150313,2016-04-19,12574,19.2417,0.334,3501.459972
5577150313,2016-04-20,8330,17.5438,0.2819,3192.485318
5577150313,2016-04-21,10830,22.0833,0.4535,4018.566012
5577150313,2016-04-22,8700,18.0465,0.3097,3283.977193
5577150313,2016-04-23,7638,17.3174,0.2382,3151.288696
5577150313,2016-04-24,15764,24.1375,0.6257,4392.368472
5577150313,2016-04-25,6393,18.5444,0.3285,3374.584493
5577150313,2016-04-26,5325,16.9743,0.2493,3088.861917
5577150313,2016-04-27,6805,18.1028,0.2854,3294.21317
5577150313,2016-04-28,9841,19.6764,0.375,3580.567599
5577150313,2016-04-29,7924,19.4806,0.3667,3544.931248
5577150313,2016-04-30,12363,24.7368,0.6069,4501.425777
5577150313,2016-05-01,13368,24.9868,0.6278,4546.918981
5577150313,2016-05-02,7414,16.5632,0.2681,3014.050872
5577150313,2016-05-03,11045,20.8569,0.3604,3795.396592
5577150313,2016-05-04,5206,15.1333,0.1625,2753.855053
5577150313,2016-05-05,7550,16.5132,0.2222,3004.952244
5577150313,2016-05-06,4950,14.5264,0.1625,2643.407672
5577150313,2016-05-07,0,10,0,1819.728012
5577150313,2016-05-08,0,10,0,1819.728012
5577150313,2016-05-09,3421,13.6799,0.1347,2489.362644
5577150313,2016-05-10,8869,21.1083,0.4028,3841.142541
5577150313,2016-05-11,3929,18.1306,0.3139,1649.633986
6117666160,2016-04-12,0,10,0,1496.591949
6117666160,2016-04-13,0,10,0,1496.591949
6117666160,2016-04-14,0,10,0,1496.591949
6117666160,2016-04-15,14019,19.1444,0.3646,2865.142178
6117666160,2016-04-16,14450,18.8993,0.3951,2828.454886
6117666160,2016-04-17,7150,14.8722,0.2167,2225.764818
6117666160,2016-04-18,5153,13.4903,0.1674,2018.944121
6117666160,2016-04-19,11135,17.4174,0.3333,2606.66827
6117666160,2016-04-20,10449,16.9465,0.3104,2536.20372
6117666160,2016-04-21,9093,15.8139,0.2535,2366.693902
6117666160,2016-04-22,8206,16.1014,0.2792,2409.720917
6117666160,2016-04-23,11495,17.7097,0.3556,2650.422793
6117666160,2016-04-24,7623,15.4028,0.2514,2305.16734
6117666160,2016-04-25,0,10,0,1496.591949
6117666160,2016-04-26,9543,16.3722,0.2542,2450.253623
6117666160,2016-04-27,9411,17.2181,0.3181,2576.84036
6117666160,2016-04-28,3403,12.5604,0.0979,1879.781854
6117666160,2016-04-29,9592,17.1076,0.3201,2560.315485
6117666160,2016-04-30,6987,15.2056,0.2382,2275.651218
6117666160,2016-05-01,8915,15.7764,0.2757,2361.081677
6117666160,2016-05-02,4927,13.6451,0.1632,2042.120517
6117666160,2016-05-03,0,10,0,1496.591949
6117666160,2016-05-04,2997,12.709,0.1083,1902.022882
6117666160,2016-05-05,9799,17.6174,0.3382,2636.600108
6117666160,2016-05-06,3365,12.275,0.0924,1837.066623
6117666160,2016-05-07,7336,16.4986,0.2861,2469.168882
6117666160,2016-05-08,7328,15.0396,0.2208,2250.811951
6117666160,2016-05-09,3297,14.5056,0.2153,1085.444891
6290855005,2016-04-12,4562,12.4236,0.1382,2560.058998
6290855005,2016-04-13,7142,14.0986,0.2431,2905.21621
6290855005,2016-04-14,7671,14.3278,0.2521,2952.439207
6290855005,2016-04-15,9501,14.0556,0.2278,2896.343998
6290855005,2016-04-16,8301,13.5097,0.1792,2783.8674
6290855005,2016-04-17,7851,15.3917,0.2375,3171.711329
6290855005,2016-04-18,6885,13.425,0.1882,2766.409202
6290855005,2016-04-19,7142,13.7792,0.2229,2839.390196
6290855005,2016-04-20,6361,13.1083,0.1792,2701.155596
6290855005,2016-04-21,0,10,0,2060.639992
6290855005,2016-04-22,6238,13.5694,0.2097,2796.174001
6290855005,2016-04-23,0,12.9333,0.0688,2664.419109
6290855005,2016-04-24,5896,13.1208,0.1792,2703.731398
6290855005,2016-04-25,7802,13.45,0.1938,2771.560797
6290855005,2016-04-26,0,10,0,2060.639992
6290855005,2016-04-27,5565,13.3139,0.1993,2743.513203
6290855005,2016-04-28,5731,13.0417,0.1771,2687.417997
6290855005,2016-04-29,0,10,0,2060.639992
6290855005,2016-04-30,6744,13.8,0.225,2843.683202
6290855005,2016-05-01,9837,16.1653,0.3444,3327.192353
6290855005,2016-05-02,6781,13.225,0.1861,2725.196401
6290855005,2016-05-03,6047,12.9639,0.1667,2671.390799
6290855005,2016-05-04,5832,13.1931,0.1889,2718.613802
6290855005,2016-05-05,6339,13.0194,0.166,2682.838799
6290855005,2016-05-06,6116,13.6208,0.2118,2806.763398
6290855005,2016-05-07,5510,12.6833,0.1576,2613.578398
6290855005,2016-05-08,7706,13.1625,0.1743,2712.317399
6290855005,2016-05-09,6118,14.349,0.252,2094.411602
6775888955,2016-04-12,0,10,0,1841.039944
6775888955,2016-04-13,4053,13.0403,0.1194,2400.767252
6775888955,2016-04-14,5162,13.6201,0.1354,2507.522001
6775888955,2016-04-15,1282,11.5583,0.0403,2127.935348
6775888955,2016-04-16,4732,12.0861,0.1063,2225.101345
6775888955,2016-04-17,2497,11.2285,0.0569,2067.206595
6775888955,2016-04-18,8294,15.1993,0.2069,2798.252901
6775888955,2016-04-19,0,10,0,1841.039944
6775888955,2016-04-20,10771,20.2458,0.4264,3727.338861
6775888955,2016-04-21,0,10,0,1841.039944
6775888955,2016-04-22,637,10.4438,0.0139,1922.736095
6775888955,2016-04-23,0,10,0,1841.039944
6775888955,2016-04-24,2153,11.1528,0.0556,2053.270943
6775888955,2016-04-25,6463,13.484,0.1507,2482.463399
6775888955,2016-04-26,7091,14.0396,0.1618,2584.7434
6775888955,2016-04-27,0,10,0,1841.039944
6775888955,2016-04-28,703,10.8257,0.0326,1993.053595
6775888955,2016-04-29,0,10.0042,0,1841.807044
6775888955,2016-04-30,2503,12.3861,0.0771,2280.332552
6775888955,2016-05-01,2487,12.5993,0.1007,2319.582499
6775888955,2016-05-02,0,10.0007,0,1841.167794
6775888955,2016-05-03,9,10.0125,0.0007,1843.341244
6775888955,2016-05-04,0,10,0,1841.039944
6775888955,2016-05-05,0,10,0,1841.039944
6775888955,2016-05-06,4642,13.559,0.1257,2496.271201
6775888955,2016-05-07,1892,13.185,0.1017,1011.421331
6962181067,2016-04-12,10199,15.3229,0.2549,1994.675992
6962181067,2016-04-13,5652,13.2382,0.1486,1718.338864
6962181067,2016-04-14,1551,11.3285,0.0597,1466.375541
6962181067,2016-04-15,5563,13.5986,0.1507,1756.505418
6962181067,2016-04-16,13217,16.7486,0.3028,2172.549444
6962181067,2016-04-17,10145,15.709,0.2333,2027.746416
6962181067,2016-04-18,11404,15.825,0.2507,2039.753886
6962181067,2016-04-19,10742,15.8542,0.2653,2046.481172
6962181067,2016-04-20,13928,16.7979,0.3118,2174.349211
6962181067,2016-04-21,11835,16.8854,0.2965,2179.596575
6962181067,2016-04-22,10725,16.1674,0.275,2086.908815
6962181067,2016-04-23,20031,19.9076,0.4188,2571.429915
6962181067,2016-04-24,5029,13.2049,0.1382,1705.64552
6962181067,2016-04-25,13239,16.9528,0.3118,2194.394683
6962181067,2016-04-26,10433,15.5806,0.2611,2016.772039
6962181067,2016-04-27,10320,15.7813,0.2611,2034.114759
6962181067,2016-04-28,12627,16.9361,0.2903,2182.969886
6962181067,2016-04-29,10762,17.459,0.3021,2253.639218
6962181067,2016-04-30,10081,15.5542,0.2535,2002.157203
6962181067,2016-05-01,5454,13.4479,0.1493,1740.71984
6962181067,2016-05-02,12912,16.7389,0.309,2162.128816
6962181067,2016-05-03,12109,16.0965,0.2792,2071.970799
6962181067,2016-05-04,10147,16.1965,0.2785,2086.242382
6962181067,2016-05-05,10524,16.0201,0.2715,2066.52103
6962181067,2016-05-06,5908,14.3264,0.2076,1850.511018
6962181067,2016-05-07,6815,15.1056,0.2278,1947.021536
6962181067,2016-05-08,4188,12.8757,0.1243,1659.604917
6962181067,2016-05-09,12342,16.1854,0.2792,2105.321281
6962181067,2016-05-10,15448,18.1917,0.3674,2361.307482
6962181067,2016-05-11,6722,14.3146,0.1979,1855.582264
6962181067,2016-05-12,3569,14.3028,0.1681,927.025962
7007744171,2016-04-12,14172,18.8688,0.3681,2937.728525
7007744171,2016-04-13,12862,17.6174,0.3285,2742.896279
7007744171,2016-04-14,11179,17.1403,0.2903,2668.617841
7007744171,2016-04-15,5273,13.4785,0.1403,2098.501078
7007744171,2016-04-16,4631,13.3354,0.141,2076.228356
7007744171,2016-04-17,8059,15.309,0.2118,2383.505398
7007744171,2016-04-18,14816,18.1924,0.3403,2832.419644
7007744171,2016-04-19,14194,18.0549,0.3451,2811.011883
7007744171,2016-04-20,15566,19.8868,0.4118,3096.232437
7007744171,2016-04-21,13744,17.75,0.3368,2763.547196
7007744171,2016-04-22,15299,18.559,0.384,2889.506998
7007744171,2016-04-23,8093,14.6736,0.1938,2284.575596
7007744171,2016-04-24,11085,17.1306,0.291,2667.104159
7007744171,2016-04-25,18229,19.625,0.4028,3055.47119
7007744171,2016-04-26,15090,18.8813,0.3583,2939.674672
7007744171,2016-04-27,13541,18.1799,0.3549,2830.473477
7007744171,2016-04-28,15128,18.2194,0.334,2836.636315
7007744171,2016-04-29,20067,20.4306,0.4382,3180.890398
7007744171,2016-04-30,3761,13.175,0.1389,2051.252638
7007744171,2016-05-01,5600,14.2958,0.1646,2225.758318
7007744171,2016-05-02,13041,16.9694,0.3264,2642.020317
7007744171,2016-05-03,14510,19.1167,0.3931,2976.327361
7007744171,2016-05-04,0,10.0035,0,1557.468605
7007744171,2016-05-05,15010,18.8424,0.3625,2933.61996
7007744171,2016-05-06,11459,16.4021,0.2813,2553.686278
7007744171,2016-05-07,0,10,0,64.87200022
7086361926,2016-04-12,11309,17.0111,0.2375,2772.212345
7086361926,2016-04-13,5813,15.441,0.2083,2516.334981
7086361926,2016-04-14,8998,16.7361,0.2486,2727.397021
7086361926,2016-04-15,8585,14.6986,0.1882,2395.356243
7086361926,2016-04-16,31,10.034,0.0021,1635.193386
7086361926,2016-04-17,0,10,0,1629.648056
7086361926,2016-04-18,9827,16.8361,0.2771,2743.693508
7086361926,2016-04-19,10688,18.0674,0.3215,2944.343912
7086361926,2016-04-20,14365,18.3896,0.3,2996.854787
7086361926,2016-04-21,9469,15.1174,0.191,2463.597759
7086361926,2016-04-22,9733,17.4507,0.309,2843.84896
7086361926,2016-04-23,2811,12.0493,0.0625,1963.612697
7086361926,2016-04-24,3520,12.5743,0.0868,2049.169223
7086361926,2016-04-25,10091,16.8889,0.2875,2752.294437
7086361926,2016-04-26,10378,17.059,0.2833,2780.021078
7086361926,2016-04-27,11107,16.525,0.2236,2692.993341
7086361926,2016-04-28,11575,17.5514,0.291,2860.258598
7086361926,2016-04-29,7881,16.0431,0.2264,2614.453359
7086361926,2016-04-30,14560,18.3833,0.325,2995.836251
7086361926,2016-05-01,12375,16.7486,0.2625,2729.434087
7086361926,2016-05-02,10052,16.9007,0.2701,2754.218318
7086361926,2016-05-03,10288,16.8993,0.2743,2753.991979
7086361926,2016-05-04,10988,16.2931,0.2042,2655.194567
7086361926,2016-05-05,8525,14.6007,0.1729,2379.399272
7086361926,2016-05-06,12461,17.9403,0.3306,2923.633808
7086361926,2016-05-07,12827,16.8104,0.2451,2739.506212
7086361926,2016-05-08,10677,15.5514,0.2063,2534.329
7086361926,2016-05-09,13558,18.1569,0.3278,2958.942851
7086361926,2016-05-10,14407,17.1528,0.2556,2795.299026
7086361926,2016-05-11,9572,16.7847,0.2632,2735.31893
7086361926,2016-05-12,1032,11.2718,0.041,994.9906608
8053475328,2016-04-12,18060,18.1722,0.3382,3186.215677
8053475328,2016-04-13,16433,17.9139,0.3229,3140.920964
8053475328,2016-04-14,20089,19.4354,0.3889,3407.697126
8053475328,2016-04-15,20669,19.4535,0.3958,3410.862883
8053475328,2016-04-16,14549,16.3569,0.266,2867.935032
8053475328,2016-04-17,18827,18.325,0.3958,3213.002887
8053475328,2016-04-18,17076,17.8708,0.3563,3133.371842
8053475328,2016-04-19,15929,17.7639,0.3299,3114.6208
8053475328,2016-04-20,15108,17.3583,0.3021,3043.512965
8053475328,2016-04-21,16049,17.6868,0.3347,3101.10545
8053475328,2016-04-22,10520,15.1444,0.2104,2655.342078
8053475328,2016-04-23,22359,20.275,0.4347,3554.904957
8053475328,2016-04-24,22988,20.4021,0.441,3577.187045
8053475328,2016-04-25,20500,19.4125,0.4035,3403.679041
8053475328,2016-04-26,12685,16.2264,0.2771,2845.044166
8053475328,2016-04-27,12422,16.2694,0.266,2852.593277
8053475328,2016-04-28,15447,17.4653,0.3063,3062.263998
8053475328,2016-04-29,12315,15.9396,0.2424,2794.757278
8053475328,2016-04-30,7135,13.7389,0.1486,2408.899833
8053475328,2016-05-01,1170,10.7569,0.0354,1886.062387
8053475328,2016-05-02,1969,11.3729,0.066,1988.331578
8053475328,2016-05-03,15484,17.2938,0.3264,3023.473252
8053475328,2016-05-04,14563,16.6833,0.2819,2916.753852
8053475328,2016-05-05,14990,16.8743,0.2965,2950.141605
8053475328,2016-05-06,13953,16.3542,0.2708,2859.205518
8053475328,2016-05-07,19769,19.0549,0.3826,3331.369003
8053475328,2016-05-08,22026,20.5313,0.4382,3589.486674
8053475328,2016-05-09,12465,15.8167,0.2569,2765.234178
8053475328,2016-05-10,14810,16.7368,0.2938,2926.102424
8053475328,2016-05-11,12209,16.0667,0.2625,2808.941778
8053475328,2016-05-12,4895,13.5922,0.1444,1485.208534
8253242879,2016-04-12,9033,14.3194,0.1931,2044.266801
8253242879,2016-04-13,8053,13.5549,0.1549,1935.113667
8253242879,2016-04-14,5234,11.9472,0.1056,1705.604565
8253242879,2016-04-15,2672,11.4319,0.0729,1632.042685
8253242879,2016-04-16,9256,13.1757,0.1632,1880.983223
8253242879,2016-04-17,10204,14.7944,0.2014,2112.078562
8253242879,2016-04-18,5151,12.8118,0.1458,1829.033866
8253242879,2016-04-19,4212,12.3528,0.1139,1763.502323
8253242879,2016-04-20,6466,13.5292,0.1854,1931.445482
8253242879,2016-04-21,11268,15.5375,0.2493,2218.15836
8253242879,2016-04-22,2824,11.5653,0.0833,1651.077564
8253242879,2016-04-23,9282,14.9382,0.2313,2132.600544
8253242879,2016-04-24,8905,13.8431,0.1479,1976.256767
8253242879,2016-04-25,6829,13.3722,0.1715,1909.039842
8253242879,2016-04-26,4562,12.7021,0.134,1813.369745
8253242879,2016-04-27,10232,14.0674,0.1729,2008.27898
8253242879,2016-04-28,2718,11.0694,0.059,1580.291604
8253242879,2016-04-29,5937,13.0616,0.1464,1786.998504
8378563200,2016-04-12,7626,16.8125,0.2646,3635.470087
8378563200,2016-04-13,12386,18.8667,0.3785,4079.613786
8378563200,2016-04-14,13318,19.2542,0.4063,4163.397489
8378563200,2016-04-15,14461,16.9083,0.2889,3655.852214
8378563200,2016-04-16,11196,15.5542,0.2611,3363.059709
8378563200,2016-04-17,2132,11.8958,0.0646,2572.069508
8378563200,2016-04-18,13630,19.2292,0.3785,4157.992094
8378563200,2016-04-19,13070,18.925,0.3833,4092.226397
8378563200,2016-04-20,9388,17.5139,0.2993,3787.121587
8378563200,2016-04-21,15148,19.5903,0.4083,4236.07009
8378563200,2016-04-22,12200,18.7056,0.3625,4044.778983
8378563200,2016-04-23,5709,13.4528,0.1479,2908.705808
8378563200,2016-04-24,3703,12.6792,0.0938,2741.438707
8378563200,2016-04-25,12405,18.5236,0.3639,4005.439689
8378563200,2016-04-26,16208,17.4056,0.3243,3763.359616
8378563200,2016-04-27,7359,14.1597,0.1472,3061.558505
8378563200,2016-04-28,5417,13.3431,0.1333,2884.982108
8378563200,2016-04-29,6147,13.7958,0.1354,2982.879907
8378563200,2016-04-30,2946,12.3042,0.084,2660.357706
8378563200,2016-05-01,11419,15.5861,0.25,3369.966605
8378563200,2016-05-02,6064,16.1458,0.2354,3491.326091
8378563200,2016-05-03,8712,17.5028,0.3111,3784.719186
8378563200,2016-05-04,7875,14.3833,0.1694,3109.906806
8378563200,2016-05-05,8567,17.4986,0.2903,3783.818287
8378563200,2016-05-06,7045,16.8556,0.2764,3644.779387
8378563200,2016-05-07,4468,12.9472,0.1097,2799.396606
8378563200,2016-05-08,2943,12.4222,0.0965,2685.883207
8378563200,2016-05-09,8382,17.2111,0.2847,3721.656184
8378563200,2016-05-10,6582,16.5861,0.2549,3586.52119
8378563200,2016-05-11,9143,17.5194,0.2917,3788.322787
8378563200,2016-05-12,3574,13.7231,0.1449,1607.205604
8583815059,2016-04-12,5014,13.1222,0.1458,2650.164035
8583815059,2016-04-13,5571,13.1424,0.1493,2654.231284
8583815059,2016-04-14,3118,12.0938,0.0931,2442.453786
8583815059,2016-04-15,1158,10.9319,0.0451,2207.815542
8583815059,2016-04-16,0,10,0,2019.600048
8583815059,2016-04-17,0,10,0,2019.600048
8583815059,2016-04-18,3481,12.3722,0.1118,2498.69403
8583815059,2016-04-19,5697,13.2146,0.1438,2668.817282
8583815059,2016-04-20,5273,13.1097,0.1535,2647.639532
8583815059,2016-04-21,8538,14.2757,0.2076,2883.119281
8583815059,2016-04-22,8687,14.5792,0.2306,2944.408533
8583815059,2016-04-23,9381,14.9111,0.241,3011.448033
8583815059,2016-04-24,8286,14.3069,0.2083,2889.43053
8583815059,2016-04-25,4503,12.6153,0.1306,2547.781537
8583815059,2016-04-26,10499,15.3188,0.2771,3093.774784
8583815059,2016-04-27,12474,15.5611,0.2569,3142.722026
8583815059,2016-04-28,6174,13.6528,0.1799,2757.315033
8583815059,2016-04-29,15156,17.3792,0.3681,3509.896529
8583815059,2016-04-30,10085,15.6694,0.2632,3164.601027
8583815059,2016-05-01,3773,12.1944,0.1049,2462.790038
8583815059,2016-05-02,0,10,0,2019.600048
8583815059,2016-05-03,0,10,0,2019.600048
8583815059,2016-05-04,0,10,0,2019.600048
8583815059,2016-05-05,1507,11.0597,0.0486,2233.621543
8583815059,2016-05-06,5843,13.2826,0.15,2682.561785
8583815059,2016-05-07,6117,13.9174,0.1736,2810.750276
8583815059,2016-05-08,9217,14.5583,0.2326,2940.201033
8583815059,2016-05-09,9834,14.5576,0.2194,2940.060784
8583815059,2016-05-10,8217,14.0736,0.191,2842.306533
8583815059,2016-05-11,8597,14.7492,0.2477,2730.527281
8792009665,2016-04-12,2556,12.1063,0.0806,2044.367979
8792009665,2016-04-13,1320,11.4576,0.0569,1934.837796
8792009665,2016-04-14,1219,11.6257,0.0583,1963.217139
8792009665,2016-04-15,2483,11.9007,0.0875,2009.656058
8792009665,2016-04-16,244,10.1938,0.0083,1721.406398
8792009665,2016-04-17,0,10,0,1688.688068
8792009665,2016-04-18,0,10,0,1688.688068
8792009665,2016-04-19,0,10,0,1688.688068
8792009665,2016-04-20,3147,12.9611,0.1104,2188.72735
8792009665,2016-04-21,144,10.1889,0.0063,1720.585509
8792009665,2016-04-22,4068,14.3292,0.1653,2419.749254
8792009665,2016-04-23,5245,16.2736,0.2403,2748.105259
8792009665,2016-04-24,400,10.659,0.0306,1799.977299
8792009665,2016-04-25,0,10,0,1688.688068
8792009665,2016-04-26,1321,11.4188,0.0556,1928.270676
8792009665,2016-04-27,1758,12.2361,0.0778,2066.297468
8792009665,2016-04-28,6157,16.4646,0.2153,2780.354507
8792009665,2016-04-29,8360,18.3674,0.2958,3101.674317
8792009665,2016-04-30,7174,17.1549,0.2576,2896.920886
8792009665,2016-05-01,1619,11.6229,0.0549,1962.748058
8792009665,2016-05-02,1831,11.9257,0.0701,2013.877776
8792009665,2016-05-03,2421,13.6069,0.1083,2297.788445
8792009665,2016-05-04,2283,12.2417,0.0896,2067.235627
8792009665,2016-05-05,0,10.0007,0,1688.805338
8792009665,2016-05-06,0,10,0,1688.688068
8792009665,2016-05-07,0,10,0,1688.688068
8792009665,2016-05-08,0,10,0,1688.688068
8792009665,2016-05-09,0,10,0,1688.688068
8877689391,2016-04-12,23186,22.2292,0.4035,3920.584775
8877689391,2016-04-13,15337,20.3243,0.4,3566.183997
8877689391,2016-04-14,21071,21.6354,0.3667,3789.382655
8877689391,2016-04-15,13375,22.3729,0.4174,3918.553702
8877689391,2016-04-16,29204,25.7757,0.534,4537.924421
8877689391,2016-04-17,15118,20.1104,0.3549,3540.527326
8877689391,2016-04-18,11409,15.6444,0.2,2759.229426
8877689391,2016-04-19,18748,20.8729,0.3375,3671.16199
8877689391,2016-04-20,19881,20.9333,0.3347,3673.046441
8877689391,2016-04-21,19377,20.9035,0.3458,3659.378591
8877689391,2016-04-22,18225,19.4951,0.2938,3412.834634
8877689391,2016-04-23,11191,22.0896,0.4292,3888.968333
8877689391,2016-04-24,16660,19.6125,0.2924,3452.866915
8877689391,2016-04-25,12957,21.591,0.3979,3799.320222
8877689391,2016-04-26,11070,16.2479,0.2292,2855.369862
8877689391,2016-04-27,23603,21.6167,0.3681,3803.841616
8877689391,2016-04-28,14885,17.4063,0.2924,3058.932576
8877689391,2016-04-29,9700,15.3611,0.1903,2695.322043
8877689391,2016-04-30,27710,24.9535,0.4188,4393.168581
8877689391,2016-05-01,10890,15.8236,0.2069,2783.082068
8877689391,2016-05-02,4699,12.4174,0.0729,2183.985367
8877689391,2016-05-03,10791,16.034,0.2028,2813.394688
8877689391,2016-05-04,18165,19.8451,0.2958,3472.391312
8877689391,2016-05-05,14055,17.4188,0.291,3047.835367
8877689391,2016-05-06,21622,22.8028,0.3847,4003.036759
8877689391,2016-05-07,12212,23.5125,0.4458,4127.628773
8877689391,2016-05-08,10665,16.1597,0.2111,2843.594015
8877689391,2016-05-09,20156,21.0069,0.3292,3700.179984
8877689391,2016-05-10,10693,16.0667,0.2083,2829.995494
8877689391,2016-05-11,21391,21.7542,0.3479,3828.037198
8877689391,2016-05-12,7120,16.2774,0.2238,1657.577747
4319703577,2016-05-12,17,10.1875,0.0083,246.8716364
